Sample_ID,Diameter_mm,Height_mm,Max_Load_kN,Age_days,Casting_Date,Test_Date
BT-01,150,300,350.5,28,2025-12-01,2025-12-29
BT-02,150,300,362.0,28,2025-12-01,2025-12-29
BT-03,150,300,341.0,28,2025-12-01,2025-12-29
BT-04,150,300,355.5,28,2025-12-01,2025-12-29
BT-05,150,300,348.0,28,2025-12-01,2025-12-29
BT-06,150,300,370.2,28,2025-12-02,2025-12-30
BT-07,150,300,332.8,28,2025-12-02,2025-12-30
BT-08,150,300,358.4,28,2025-12-02,2025-12-30
BT-09,150,300,345.0,28,2025-12-02,2025-12-30
BT-10,150,300,366.7,28,2025-12-02,2025-12-30
BT-11,150,300,340.5,7,2025-12-22,2025-12-29
BT-12,150,300,295.0,7,2025-12-22,2025-12-29
BT-13,150,300,310.8,14,2025-12-15,2025-12-29
BT-14,150,300,328.6,14,2025-12-15,2025-12-29
BT-15,150,150,352.0,28,2025-12-01,2025-12-29
