Obs_ID,Value_A,Value_B,Value_C,Value_D,Value_E
1,23.5,45.2,12.8,67.3,34.1
2,25.1,42.8,14.2,65.0,36.5
3,22.8,47.5,11.5,70.2,32.8
4,24.0,44.0,13.0,68.5,35.0
5,26.3,41.5,15.5,63.2,38.2
6,21.5,48.0,10.8,72.1,31.5
7,27.0,40.2,16.0,61.8,39.0
8,23.2,46.5,12.5,69.0,33.5
9,24.8,43.5,13.8,66.7,35.8
10,22.0,47.0,11.0,71.5,32.0
11,25.5,42.0,14.5,64.5,37.0
12,23.8,45.8,12.2,68.0,34.5
13,26.0,41.0,15.0,62.5,38.5
14,24.5,44.5,13.5,67.8,35.5
15,21.8,48.5,10.5,73.0,31.0
16,27.5,39.8,16.5,60.5,39.5
17,22.5,46.0,11.8,70.0,33.0
18,25.8,43.0,14.8,65.5,37.5
19,23.0,45.0,12.0,68.8,34.0
20,24.2,44.2,13.2,67.0,35.2
21,26.5,40.5,15.8,62.0,38.8
22,21.2,49.0,10.2,74.0,30.5
23,27.8,39.5,17.0,59.8,40.0
24,22.2,47.8,11.2,71.8,32.2
25,25.0,43.8,14.0,66.0,36.0
26,23.5,45.5,12.5,68.2,34.2
27,24.8,43.0,13.8,65.8,35.8
28,26.2,41.2,15.2,63.0,38.0
29,22.8,46.8,11.5,70.5,33.0
30,25.2,42.5,14.2,65.2,36.8
31,150.0,10.0,50.0,5.0,95.0
